Name,NA_Sales,EU_Sales,JP_Sales,Other_Sales,Total_Sales,Highest
"Wii Sports",41.49,29.02,3.77,8.46,82.74,NA
"Grand Theft Auto V",23.46,23.04,1.39,8.03,55.92,NA
"Super Mario Bros.",32.48,4.88,6.96,0.99,45.31,NA
Tetris,26.17,2.95,6.03,0.69,35.84,NA
"Mario Kart Wii",15.85,12.88,3.79,3.31,35.82,NA
"Wii Sports Resort",15.75,11.01,3.28,2.96,33,NA
"Pokemon Red/Pokemon Blue",11.27,8.89,10.22,1,31.37,NA
"Call of Duty: Modern Warfare 3",15.58,11.29,0.62,3.35,30.83,NA
"New Super Mario Bros.",11.38,9.23,6.5,2.9,30.01,NA
"Call of Duty: Black Ops II",14.08,11.05,0.72,3.88,29.72,NA
"Call of Duty: Black Ops",17.01,8.69,0.59,3.12,29.4,NA
"Wii Play",14.03,9.2,2.93,2.85,29.02,NA
"New Super Mario Bros. Wii",14.59,7.06,4.7,2.26,28.62,NA
"Duck Hunt",26.93,0.63,0.28,0.47,28.31,NA
"Call of Duty: Ghosts",14.92,9.05,0.48,2.92,27.38,NA
"Super Mario World",15.99,4.86,4.49,0.75,26.07,NA
"Call of Duty: Black Ops 3",11.89,9.56,0.43,3.42,25.32,NA
"Call of Duty: Modern Warfare 2",13.52,8.11,0.46,3.01,25.09,NA
Nintendogs,9.07,11,1.93,2.75,24.76,EU
"Grand Theft Auto: San Andreas",10.77,1.96,0.41,10.72,23.86,NA
Minecraft,10.82,8.85,1.15,2.93,23.73,NA
"Mario Kart DS",9.81,7.57,4.13,1.92,23.42,NA
"Pokemon Gold/Pokemon Silver",9,6.18,7.2,0.71,23.1,NA
"Wii Fit",8.94,8.03,3.6,2.15,22.72,NA
"Super Mario Bros. 3",12.47,4.69,4.67,0.66,22.48,NA
"Grand Theft Auto IV",11.53,7.65,0.58,2.73,22.47,NA
"Super Mario 64",11.99,5.96,3.16,1.21,22.31,NA
"Wii Fit Plus",9.09,8.59,2.53,1.79,22,NA
"Call of Duty: Advanced Warfare",10.44,8.18,0.34,2.93,21.9,NA
"Kinect Adventures!",14.97,4.94,0.24,1.67,21.82,NA
"Brain Age: Train Your Brain in Minutes a Day",4.75,9.26,4.16,2.05,20.22,EU
"The Elder Scrolls V: Skyrim",8.73,7.66,0.35,2.54,19.28,NA
"FIFA 15",3.2,12.4,0.13,3.29,19.02,EU
"Pokemon Diamond/Pokemon Pearl",6.42,4.52,6.04,1.37,18.36,NA
"Call of Duty 4: Modern Warfare",9.97,5.82,0.42,2.05,18.25,NA
"Super Mario Land",10.83,2.71,4.18,0.42,18.14,NA
"Battlefield 3",8.2,6.49,0.41,2.27,17.36,NA
"FIFA 14",2.84,11.14,0.2,2.98,17.14,EU
"FIFA 16",2.98,11.29,0.11,2.05,16.44,EU
"Guitar Hero III: Legends of Rock",11.15,2.59,0.04,2.64,16.4,NA
"Grand Theft Auto: Vice City",8.41,5.52,0.47,1.79,16.19,NA
"FIFA Soccer 13",2.64,10.25,0.23,3.03,16.16,EU
"Call of Duty: World at War",9.3,4.75,0,1.83,15.87,NA
"Pokemon Ruby/Pokemon Sapphire",6.06,3.9,5.38,0.5,15.85,NA
"LEGO Star Wars: The Complete Saga",9.1,5.01,0,1.62,15.75,NA
"The Sims 3",4.28,9.6,0.05,1.53,15.45,EU
"Pokemon Black/Pokemon White",5.57,3.28,5.65,0.82,15.32,JP
"Brain Age 2: More Training in Minutes a Day",3.44,5.36,5.32,1.18,15.3,EU
"Gran Turismo 3: A-Spec",6.85,5.09,1.87,1.16,14.98,NA
"PokÃ©mon Yellow: Special Pikachu Edition",5.89,5.04,3.12,0.59,14.64,NA
"Pokemon X/Pokemon Y",5.17,4.05,4.34,0.79,14.35,NA
"Need for Speed: Most Wanted",6.29,5.85,0.18,1.76,14.08,NA
"Battlefield 4",6.41,5.57,0.46,1.6,14.03,NA
"Donkey Kong Country",6.6,2.91,3.59,0.43,13.53,NA
"Mario & Sonic at the Olympic Games",4.22,6.38,1.1,1.49,13.2,EU
"Assassin's Creed IV: Black Flag",6.17,5.18,0.2,1.65,13.16,NA
"FIFA 12",2.08,8.5,0.15,2.41,13.15,EU
"Grand Theft Auto III",6.99,4.52,0.3,1.3,13.11,NA
"Assassin's Creed III",6.24,4.93,0.19,1.74,13.1,NA
"Super Smash Bros. Brawl",6.75,2.61,2.66,1.02,13.04,NA
"Red Dead Redemption",6.49,4.58,0.26,1.6,12.94,NA
"Just Dance 3",7.85,3.76,0,1.32,12.92,NA
Destiny,6.59,4.12,0.28,1.62,12.61,NA
"FIFA Soccer 11",1.94,8.01,0.09,2.51,12.56,EU
"Super Smash Bros. for Wii U and 3DS",5.83,2.41,3.22,1,12.47,NA
"Fallout 4",5.42,5.04,0.25,1.57,12.28,NA
"Animal Crossing: Wild World",2.55,3.52,5.33,0.88,12.27,JP
"Mario Kart 7",4.74,3.91,2.67,0.89,12.21,NA
"Halo 3",7.97,2.83,0.13,1.21,12.14,NA
"Pokemon HeartGold/Pokemon SoulSilver",4.4,2.77,3.96,0.77,11.9,NA
"The Legend of Zelda: Ocarina of Time",6.13,3.16,2.07,0.46,11.81,NA
"Star Wars Battlefront (2015)",5,4.88,0.24,1.58,11.7,NA
"Gran Turismo 4",3.01,0.01,1.1,7.53,11.66,NA
"Super Mario Galaxy",6.16,3.4,1.2,0.76,11.52,NA
"Assassin's Creed II",5.65,3.96,0.29,1.49,11.41,NA
"Pokemon Omega Ruby/Pokemon Alpha Sapphire",4.23,3.37,3.08,0.65,11.33,NA
"Assassin's Creed",5.2,4.48,0.16,1.46,11.3,NA
"Grand Theft Auto: Liberty City Stories",4.46,4.23,0.31,2.25,11.26,NA
"Batman: Arkham City",6.02,3.68,0.15,1.33,11.2,NA
"Super Mario Land 2: 6 Golden Coins",6.16,2.04,2.69,0.29,11.18,NA
"Diablo III",4.87,4.54,0.21,1.44,11.08,NA
"Need for Speed Underground 2",5.21,4.41,0.09,1.25,10.97,NA
"Gran Turismo",4.02,3.87,2.54,0.52,10.95,NA
"Super Mario 3D Land",4.89,2.99,2.13,0.78,10.79,NA
"Gran Turismo 5",2.96,4.88,0.81,2.12,10.77,EU
"FIFA Soccer 10",1.94,6.23,0.07,2.49,10.74,EU
"Super Mario All-Stars",5.99,2.15,2.12,0.29,10.55,NA
"The Last of Us",4.19,4.15,0.35,1.83,10.54,NA
"Pokemon FireRed/Pokemon LeafGreen",4.34,2.65,3.15,0.35,10.49,NA
"Need for Speed Underground",5.26,3.98,0.09,1.14,10.46,NA
"Star Wars: The Force Unleashed",5.32,2.97,0.01,1.91,10.23,NA
"Dr. Mario",4.8,1.56,3.52,0.3,10.19,NA
"Guitar Hero: World Tour",6.21,2.23,0,1.65,10.08,NA
"Fallout 3",5.56,3.11,0.16,1.11,9.96,NA
"Halo: Reach",7.03,1.98,0.08,0.78,9.88,NA
"Mario Kart 64",5.55,1.94,2.23,0.15,9.87,NA
"LEGO Marvel Super Heroes",4.41,4.14,0.08,1.23,9.86,NA
"New Super Mario Bros. 2",3.66,3.07,2.47,0.63,9.82,NA
"Zumba Fitness",5.52,3.33,0,0.94,9.79,NA
"Halo 4",6.63,2.36,0.04,0.73,9.76,NA
"Final Fantasy VII",3.01,2.47,3.28,0.96,9.72,JP
"LEGO Indiana Jones: The Original Adventures",5.28,2.6,0,1.81,9.66,NA
"Just Dance 2",5.84,2.89,0.01,0.78,9.52,NA
"Gran Turismo 2",3.88,3.42,1.69,0.5,9.49,NA
"Watch Dogs",3.8,4.04,0.22,1.44,9.49,EU
"FIFA Soccer 08",1.96,3.97,0.04,3.53,9.49,EU
"Madden NFL 07",7.89,0.41,0.03,0.89,9.2,NA
"Assassin's Creed: Revelations",3.8,3.97,0.14,1.29,9.19,EU
"LEGO Batman: The Videogame",5.28,2.57,0,1.33,9.18,NA
"Animal Crossing: New Leaf",2.01,2.32,4.36,0.41,9.09,JP
Pac-Man,7.55,0.53,0.85,0.1,9.03,NA
"Mario Party DS",4.46,1.88,1.98,0.7,9.02,NA
"Just Dance 4",5.52,2.67,0,0.73,8.93,NA
"Medal of Honor: Frontline",4.39,3.3,0.17,1.07,8.91,NA
"The Legend of Zelda: Twilight Princess",4.98,2.55,0.64,0.74,8.9,NA
"Super Mario Kart",3.54,1.24,3.81,0.18,8.76,JP
"Resident Evil 5",4.08,2.41,1.2,1,8.69,NA
"Far Cry 4",2.84,4.45,0.19,1.18,8.68,EU
"FIFA Soccer 09",1.7,4.02,0.08,2.86,8.67,EU
"Medal of Honor",4.47,3.18,0.11,0.85,8.61,NA
"Halo 2",6.83,1.59,0.05,0.1,8.59,NA
"Need for Speed: ProStreet",3.35,2.56,0.1,2.61,8.58,NA
"LEGO Harry Potter: Years 1-4",4.01,3.5,0,1.01,8.53,NA
LittleBigPlanet,3.44,3.29,0.18,1.59,8.5,NA
"Wii Party",1.79,3.53,2.49,0.68,8.49,EU
"Pro Evolution Soccer 2008",0.28,3.38,1.3,3.51,8.47,EU
"Donkey Kong Country Returns",3.98,2.46,1.43,0.59,8.46,NA
"Tony Hawk's Pro Skater",6,2.16,0.03,0.28,8.46,NA
"Madden NFL 06",7.14,0.46,0.01,0.83,8.44,NA
"Mario Party 8",3.81,2.3,1.58,0.73,8.42,NA
"Fallout: New Vegas",4.75,2.59,0.14,0.94,8.41,NA
"Spider-Man: The Movie",5.56,2.41,0.05,0.37,8.4,NA
"Mortal Kombat",6.04,1.69,0,0.68,8.4,NA
"Pokemon Black 2/Pokemon White 2",2.91,1.86,3.14,0.43,8.33,JP
"Kingdom Hearts",4.54,1.57,1.74,0.31,8.15,NA
"Madden NFL 08",7.15,0.23,0,0.78,8.15,NA
"Mario & Sonic at the Olympic Winter Games",3.11,3.65,0.49,0.86,8.1,EU
"GoldenEye 007",5.8,2.01,0.13,0.15,8.09,NA
"Batman: Arkham Asylum",4.43,2.58,0.09,0.97,8.07,NA
"Final Fantasy X",2.91,2.07,2.73,0.33,8.05,NA
"Tony Hawk's Pro Skater 3",5.16,2.29,0.03,0.58,8.05,NA
"NBA 2K16",5.64,1.14,0.06,1.17,8.03,NA
"Assassin's Creed: Unity",3.61,3.18,0.08,1.05,7.93,NA
"Final Fantasy VIII",2.28,1.72,3.63,0.23,7.86,JP
"PokÃ©mon Platinum Version",2.82,1.78,2.69,0.55,7.84,NA
"The Elder Scrolls IV: Oblivion",4.52,2.12,0.27,0.87,7.77,NA
Monopoly,4.67,2.49,0,0.53,7.7,NA
"Super Mario Galaxy 2",3.66,2.42,0.98,0.64,7.69,NA
"Harry Potter and the Sorcerer's Stone",3.44,3.47,0.32,0.42,7.64,EU
"Spider-Man 2",4.74,2.14,0.05,0.69,7.64,NA
"Harry Potter and the Chamber of Secrets",3.66,3.18,0.11,0.68,7.64,NA
"Madden NFL 2005",6.85,0.53,0.01,0.21,7.6,NA
"Resident Evil 4",4.4,1.84,0.82,0.53,7.6,NA
"Crash Bandicoot 2: Cortex Strikes Back",3.78,2.17,1.31,0.31,7.58,NA
"Madden NFL 10",6.56,0.34,0,0.67,7.57,NA
"LEGO Star Wars III: The Clone Wars",3.95,2.81,0,0.82,7.56,NA
"Final Fantasy XIII",3.01,1.92,1.88,0.72,7.53,NA
"Tomb Raider II",3.21,3.71,0.2,0.41,7.53,EU
"Far Cry 3",2.47,3.72,0.12,1.14,7.47,EU
"Super Mario Bros. 2",5.39,1.18,0.7,0.19,7.46,NA
"Madden NFL 16",5.78,0.54,0,1.1,7.42,NA
"WWE SmackDown vs Raw 2008",3.4,1.86,0.02,2.15,7.41,NA
"LEGO Star Wars II: The Original Trilogy",5.08,1.55,0.01,0.69,7.35,NA
"Guitar Hero II",5.82,0.65,0,0.85,7.32,NA
"The Legend of Zelda: A Link to the Past",4.17,1.43,1.48,0.23,7.31,NA
"Just Dance",3.51,3.03,0,0.73,7.27,NA
"LEGO Star Wars: The Video Game",4.72,2.01,0.01,0.52,7.26,NA
"Crash Bandicoot: The Wrath of Cortex",3.12,2.98,0.24,0.91,7.24,NA
"Tekken 3",3.27,2.22,1.4,0.29,7.16,NA
"Battlefield: Bad Company 2",3.61,2.67,0.12,0.77,7.16,NA
"Street Fighter IV",3.84,1.77,0.73,0.79,7.14,NA
"Madden NFL 09",6.07,0.31,0,0.75,7.14,NA
"Crash Bandicoot 3: Warped",3.68,1.75,1.42,0.28,7.13,NA
"The Simpsons Game",2.53,2.61,0,1.98,7.12,EU
"Borderlands 2",3.79,2.3,0.15,0.9,7.11,NA
"Super Smash Bros. Melee",4.41,1.04,1.39,0.22,7.07,NA
"NBA 2K15",5.01,1.13,0.03,0.89,7.06,NA
"Final Fantasy III",1.77,0.05,5.12,0.12,7.05,JP
"The Simpsons: Hit & Run",3.2,2.97,0,0.89,7.04,NA
"Super Mario World 2: Yoshi's Island",3.4,1.06,2.38,0.18,7.03,NA
"Madden NFL 15",5.66,0.58,0,0.73,6.97,NA
"Mario Kart 8",3.13,2.07,1.27,0.49,6.96,NA
"Mario Kart: Double Dash!!",4.12,1.77,0.87,0.19,6.95,NA
"Assassin's Creed: Brotherhood",4.86,1.3,0.14,0.64,6.93,NA
"Need For Speed: Undercover",2.48,2.55,0.12,1.79,6.92,EU
"FIFA 17",0.5,5.48,0.07,0.85,6.91,EU
Cars,5.31,0.97,0,0.6,6.86,NA
"Uncharted 3: Drake's Deception",2.77,2.8,0.19,1.06,6.83,EU
"Crash Bandicoot",3.23,2.35,0.94,0.3,6.82,NA
"Gears of War 2",4.15,1.92,0.06,0.64,6.76,NA
"Uncharted 2: Among Thieves",3.27,2.25,0.21,1,6.73,NA
"Medal of Honor: Rising Sun",3.07,2.68,0.13,0.86,6.72,NA
"NBA 2K14",5.12,0.95,0.05,0.6,6.72,NA
"Namco Museum",5.21,1.31,0.05,0.11,6.69,NA
"Big Brain Academy",1.67,2.78,1.6,0.62,6.67,EU
"Teenage Mutant Ninja Turtles",4.98,1.18,0.31,0.2,6.67,NA
"Star Wars: Battlefront II",4.47,1.6,0.04,0.57,6.67,NA
"The Lord of the Rings: The Two Towers",3.33,2.5,0.08,0.75,6.65,NA
"Tony Hawk's Pro Skater 2",4.49,1.88,0.02,0.23,6.62,NA
"Just Dance 2014",3.68,2.31,0,0.6,6.58,NA
"Sonic the Hedgehog",3.88,1.47,0.3,0.9,6.57,NA
"Madden NFL 13",5.67,0.4,0,0.47,6.53,NA
"The Legend of Zelda",3.74,0.93,1.69,0.14,6.51,NA
"Halo: Combat Evolved",4.99,1.32,0.08,0.08,6.47,NA
"Tony Hawk's Underground",4.11,1.84,0.01,0.5,6.47,NA
"Finding Nemo",4.02,1.99,0.09,0.36,6.46,NA
"Resident Evil 2",2.31,1.57,2.09,0.46,6.44,NA
"Tomb Raider (2013)",2.27,3.03,0.15,0.99,6.44,EU
"Kung Fu Panda",3.42,1.96,0,1.02,6.42,NA
"Need for Speed Carbon",3.55,2.14,0.12,0.59,6.42,NA
"PokÃ©mon Emerald Version",2.57,1.58,2.06,0.21,6.41,NA
"PokÃ©mon Crystal Version",2.55,1.56,1.29,0.99,6.39,NA
"FIFA Soccer 07",1.54,3.54,0.03,1.27,6.38,EU
"The Legend of Zelda: The Wind Waker",3.53,1.56,1.03,0.26,6.37,NA
"Michael Jackson: The Experience",3.92,1.85,0.01,0.6,6.37,NA
"LEGO Batman 2: DC Super Heroes",3.4,2.31,0,0.65,6.37,NA
"Halo 3: ODST",4.34,1.35,0.06,0.61,6.36,NA
Frogger,5.85,0.39,0,0.13,6.36,NA
"Super Mario Sunshine",4.01,1.26,0.87,0.17,6.31,NA
"Street Fighter II: The World Warrior",2.47,0.83,2.87,0.12,6.3,JP
"World of Warcraft",0.07,6.21,0,0,6.28,EU
Driver,3.11,2.8,0.02,0.33,6.27,NA
"Skylanders SWAP Force",3.53,2.08,0,0.66,6.26,NA
"Kinect Sports",3.92,1.78,0.03,0.51,6.24,NA
"Gears of War 3",4.05,1.62,0.07,0.49,6.24,NA
"Carnival Games",3.36,2.14,0.05,0.61,6.15,NA
"Gears of War",3.54,1.91,0.07,0.6,6.13,NA
Golf,2.05,0.61,3.38,0.08,6.13,JP
"Metal Gear Solid",3.18,1.83,0.85,0.24,6.1,NA
"NBA 2K13",4.79,0.74,0.06,0.5,6.1,NA
"The Simpsons: Road Rage",3.85,1.8,0,0.46,6.09,NA
"Toy Story 3: The Video Game",2.76,2.56,0.02,0.73,6.08,NA
"Dragon Quest VIII: Journey of the Cursed King",0.65,0.75,4.47,0.2,6.07,JP
"PES 2009: Pro Evolution Soccer",0.46,2.43,0.74,2.45,6.06,EU
"Metal Gear Solid 2: Sons of Liberty",2.45,2.01,0.87,0.72,6.05,NA
"Grand Theft Auto: Vice City Stories",2.48,2.05,0.19,1.34,6.05,NA
"Sonic the Hedgehog 2",4.47,1.2,0.16,0.19,6.03,NA
"Metal Gear Solid 4: Guns of the Patriots",2.63,1.74,0.83,0.83,6.03,NA
"Tom Clancy's Splinter Cell",3.25,2.23,0,0.54,6,NA
"Tom Clancy's The Division",2.68,2.37,0.15,0.78,5.99,NA
"Pro Evolution Soccer 2010",0.73,2.64,0.87,1.73,5.98,EU
"Final Fantasy XII",1.88,0,2.33,1.74,5.95,JP
"L.A. Noire",2.79,2.27,0.14,0.75,5.95,NA
"Madden NFL 11",5.18,0.29,0,0.47,5.94,NA
"Dragon Quest VII: Warriors of Eden",0.27,0.18,5.4,0.03,5.89,JP
"Madden NFL 2003",4.8,0.48,0.01,0.61,5.89,NA
"Need for Speed: Hot Pursuit",2.38,2.67,0.03,0.8,5.89,EU
"Middle-Earth: Shadow of Mordor",2.33,2.65,0.07,0.82,5.85,EU
"Dragon Quest IX: Sentinels of the Starry Skies",0.66,0.69,4.35,0.15,5.84,JP
"Madden NFL 2002",4.39,0.91,0.01,0.54,5.83,NA
"Mass Effect 3",3.11,2,0.06,0.6,5.78,NA
"Monster Hunter Tri",1.39,0.89,3.23,0.22,5.76,JP
"Tony Hawk's Pro Skater 4",3.58,1.75,0.01,0.42,5.75,NA
"Tekken 2",2.26,1.89,1.36,0.23,5.74,NA
Borderlands,3.6,1.49,0.03,0.62,5.73,NA
"Cooking Mama",3.13,1.94,0.07,0.58,5.72,NA
"The Lord of the Rings: The Return of the King",3.14,1.95,0.05,0.54,5.67,NA
"Tomb Raider",3.25,2.04,0.13,0.24,5.66,NA
"Donkey Kong",3.16,0.75,1.39,0.37,5.66,NA
"Kingdom Hearts II",2.72,1.01,1.56,0.36,5.65,NA
"LEGO Pirates of the Caribbean: The Video Game",2.45,2.52,0,0.67,5.65,EU
"The Witcher 3: Wild Hunt",1.82,2.89,0.21,0.72,5.64,EU
"Saints Row: The Third",2.27,2.37,0.25,0.75,5.64,EU
"Madden NFL 12",4.99,0.26,0,0.38,5.62,NA
"Star Wars Episode III: Revenge of the Sith",3.06,1.99,0.03,0.51,5.59,NA
"Skylanders Giants",3.01,1.98,0,0.6,5.59,NA
"Star Wars: Battlefront",3.23,1.79,0.03,0.53,5.56,NA
"Super Smash Bros.",2.95,0.6,1.97,0.04,5.55,NA
"Fight Night Round 3",3.93,1.1,0.02,0.52,5.55,NA
"Madden NFL 25",4.85,0.28,0,0.4,5.54,NA
"Winning Eleven: Pro Evolution Soccer 2007",0.2,3.12,1.34,0.88,5.53,EU
"NBA 2K12",4.53,0.52,0.06,0.41,5.53,NA
"Forza Motorsport 3",2.99,1.92,0.1,0.51,5.51,NA
"Monster Hunter Freedom Unite",0.47,0.57,4.13,0.34,5.5,JP
"Super Mario Advance",3.14,1.24,0.91,0.2,5.49,NA
"Sega Superstars Tennis",2.55,2.08,0,0.85,5.49,NA
"Mario Kart: Super Circuit",2.62,1.64,0.99,0.23,5.47,NA
"God of War III",2.97,1.65,0.13,0.73,5.47,NA
Asteroids,4.64,0.69,0,0.12,5.46,NA
"Sonic Heroes",2.5,2.24,0.13,0.58,5.46,NA
"Pokemon Stadium",3.18,1.24,0.94,0.09,5.45,NA
"Fable III",3.68,1.28,0.05,0.43,5.45,NA
"Skylanders: Spyro's Adventure",2.69,2.12,0,0.63,5.44,NA
"Need for Speed: Shift",1.58,2.81,0.06,0.97,5.42,EU
"NBA 2K11",4.63,0.35,0.04,0.42,5.42,NA
MySims,2.5,2.18,0.12,0.58,5.4,NA
"Batman: Arkham Knight",2.43,2.07,0.1,0.75,5.37,NA
"Resident Evil",2.05,1.16,1.4,0.73,5.34,NA
"The LEGO Movie Videogame",2.3,2.28,0.11,0.65,5.33,NA
"Rock Band 2",4.14,0.68,0,0.5,5.32,NA
"Pokemon Pinball",3.02,1.12,1.01,0.16,5.31,NA
"Final Fantasy IX",1.62,0.77,2.78,0.14,5.3,JP
"Call of Duty 3",2.98,1.59,0.05,0.68,5.3,NA
"Final Fantasy X-2",1.92,1.08,2.11,0.17,5.29,JP
"Resident Evil 6",2.07,1.64,0.95,0.6,5.28,NA
"Donkey Kong 64",3.33,0.79,1.09,0.06,5.27,NA
"The Incredibles",2.76,2.02,0.08,0.42,5.27,NA
"Professor Layton and the Curious Village",1.22,2.48,1.03,0.52,5.26,EU
"LEGO Indiana Jones 2: The Adventure Continues",2.89,1.72,0,0.62,5.23,NA
"NBA Jam",4.11,0.85,0,0.25,5.22,NA
"True Crime: Streets of LA",3.29,1.53,0.02,0.38,5.21,NA
"WWE SmackDown vs. Raw 2010",2.68,1.42,0.02,1.11,5.21,NA
"New Super Mario Bros. U",2.32,1.3,1.27,0.31,5.19,NA
"Super Mario Land 3: Wario Land",2.49,0.98,1.57,0.15,5.19,NA
"The Legend of Zelda: Phantom Hourglass",1.9,1.83,0.95,0.49,5.17,NA
"Donkey Kong Country 2: Diddy's Kong Quest",2.1,0.74,2.2,0.11,5.15,JP
"Tomodachi Life",0.96,2.02,1.89,0.28,5.15,EU
"James Bond 007: Agent Under Fire",3.11,1.5,0.1,0.46,5.15,NA
"Kirby's Dream Land",2.71,0.61,1.7,0.11,5.13,NA
"FIFA Soccer 06",1.27,2.96,0.04,0.86,5.13,EU
"Microsoft Flight Simulator",3.22,1.69,0,0.2,5.12,NA
"Disney Infinity",3.13,1.48,0,0.5,5.12,NA
"Need for Speed Rivals",1.92,2.39,0.09,0.7,5.11,EU
"Metal Gear Solid V: The Phantom Pain",1.78,1.94,0.71,0.63,5.08,EU
"James Bond 007: Nightfire",2.73,1.71,0.12,0.51,5.06,NA
"Warzone 2100",2.79,1.89,0,0.33,5.01,NA
"Spyro the Dragon",3.36,1.36,0.07,0.21,5,NA
"Link's Crossbow Training",3.06,1.18,0.29,0.46,5,NA
"Mass Effect 2",2.78,1.61,0.06,0.54,4.99,NA
"The Sims: Bustin' Out",2.83,1.88,0,0.29,4.98,NA
"LEGO Jurassic World",2.16,2.16,0.06,0.61,4.98,Other
"Mario & Sonic at the London 2012 Olympic Games",1.32,2.55,0.54,0.56,4.97,EU
"Batman: Arkham Origins",2.55,1.73,0.04,0.64,4.97,NA
"Pokemon Mystery Dungeon: Explorers of Time/Explorers of Darkness",1.85,1.2,1.54,0.37,4.96,NA
"Sonic Unleashed",2.75,1.38,0.03,0.8,4.95,NA
"Uncharted: Drake's Fortune",2.31,1.73,0.12,0.78,4.94,NA
"Guitar Hero 5",2.4,1.56,0,0.97,4.94,NA
Wall-E,1.88,1.93,0,1.11,4.92,EU
"Dead Island",2.68,1.53,0.15,0.54,4.9,NA
"FIFA Soccer 2005",1.08,3.13,0.04,0.63,4.89,EU
"Diddy Kong Racing",2.91,0.99,0.89,0.1,4.88,NA
"WWE SmackDown vs. Raw 2009",2.78,1.11,0.01,0.99,4.88,NA
"Monster Hunter Freedom 3",0,0,4.87,0,4.87,JP
Titanfall,2.92,1.48,0.06,0.4,4.86,NA
"Just Dance 2015",2.58,1.79,0,0.49,4.85,NA
"StarCraft II: Wings of Liberty",2.56,1.68,0,0.59,4.83,NA
"Enter the Matrix",2.84,1.64,0.12,0.24,4.83,NA
"Crazy Taxi",2.59,1.72,0.2,0.31,4.82,NA
Baseball,1.39,0.37,3,0.05,4.81,JP
"Dragon Age: Inquisition",2.2,1.87,0.13,0.61,4.81,NA
"Midnight Club: Los Angeles",3.23,1,0.06,0.51,4.8,NA
"Crash Team Racing",2.57,1.57,0.44,0.21,4.79,NA
"Dragon Age: Origins",2.72,1.46,0.11,0.5,4.77,NA
"Assassin's Creed Syndicate",1.51,2.56,0.06,0.63,4.76,EU
"Saints Row 2",2.82,1.37,0.04,0.53,4.76,NA
"Skate 3",2.25,1.92,0,0.59,4.76,NA
"Ghostbusters: The Video Game (DS Version)",1.63,2.31,0.16,0.65,4.75,EU
"Driver 2",2.36,2.1,0.02,0.25,4.73,NA
Half-Life,4.32,0.23,0.09,0.08,4.72,NA
"The SpongeBob SquarePants Movie",3.21,1.23,0,0.27,4.7,NA
"WWF War Zone",3.55,1,0,0.15,4.69,NA
BioShock,2.41,1.74,0.06,0.51,4.69,NA
"Animal Crossing: City Folk",1.87,1.12,1.32,0.37,4.68,NA
"Dragon Warrior III",0.1,0,4.58,0,4.68,JP
"Forza Motorsport 4",2.08,2.04,0.06,0.47,4.64,NA
"Portal 2",2.57,1.46,0.03,0.53,4.6,NA
Spider-Man,3,1.39,0.02,0.18,4.59,NA
"Luigi's Mansion: Dark Moon",1.78,1.39,1.1,0.3,4.58,NA
"Max Payne",2.99,1.27,0.05,0.27,4.58,NA
"Lego Batman 3: Beyond Gotham",1.94,2.06,0,0.6,4.58,EU
Splatoon,1.55,1.15,1.44,0.43,4.57,NA
"Namco Museum: 50th Anniversary",2.52,1.48,0,0.56,4.57,NA
"SoulCalibur II",2.83,1.12,0.27,0.33,4.56,NA
"pro evolution soccer 2011",0.55,2.28,0.91,0.78,4.52,EU
Pitfall!,4.21,0.24,0,0.05,4.5,NA
"World Soccer Winning Eleven 9",0.18,2.59,0.92,0.8,4.5,EU
"Call of Duty: Finest Hour",2.6,1.6,0.01,0.29,4.5,NA
"Marvel: Ultimate Alliance",4.02,0.08,0,0.4,4.5,NA
"Ben 10: Protector of Earth",1.56,1.69,0,1.24,4.49,EU
"Uncharted: The Nathan Drake Collection",1.96,1.69,0.08,0.74,4.47,NA
Ratatouille,2.05,1.37,0,1,4.46,NA
"God of War",2.71,1.29,0.02,0.43,4.45,NA
"Nintendo Land",2.55,1.11,0.46,0.33,4.44,NA
"Dragon Quest V: Tenkuu no Hanayome",0,0,4.43,0.01,4.44,JP
"LEGO The Lord of the Rings",1.87,2,0,0.55,4.43,EU
"SpongeBob SquarePants: Battle for Bikini Bottom",3.15,1.07,0,0.21,4.42,NA
"The Sims 2",2.73,1.12,0,0.59,4.42,NA
"Tekken 6",2.06,1.44,0.32,0.59,4.41,NA
"Midnight Club 3: DUB Edition",2.26,1.32,0,0.82,4.4,NA
"Skylanders: Trap Team",2.16,1.77,0,0.46,4.4,NA
"BioShock Infinite",2.22,1.56,0.06,0.54,4.39,NA
"Zelda II: The Adventure of Link",2.19,0.5,1.61,0.08,4.38,NA
"Left 4 Dead 2",2.67,1.21,0.05,0.41,4.36,NA
"Resistance: Fall of Man",1.73,1.73,0.14,0.75,4.35,Other
"Fable II",2.51,1.27,0.11,0.41,4.31,NA
Dishonored,2.23,1.48,0.07,0.52,4.3,NA
"Guitar Hero: Aerosmith",3.38,0.43,0,0.49,4.3,NA
"Need for Speed: The Run",1.52,2.07,0.04,0.64,4.27,EU
"Halo 5: Guardians",2.64,1.2,0.03,0.39,4.26,NA
"Battlefield: Hardline",1.71,1.8,0.22,0.54,4.26,EU
"Super Mario 3D World",2.11,1.11,0.72,0.3,4.25,NA
"ESPN NFL 2K5",3.69,0.14,0,0.43,4.25,NA
"SimCity 2000",1.96,1.33,0.77,0.18,4.24,NA
"Metal Gear Solid 3: Snake Eater",1.46,0,0.83,1.93,4.23,NA
Daxter,2.45,1.02,0,0.75,4.22,NA
"Warcraft II: Tides of Darkness",1.7,2.27,0,0.23,4.21,EU
"Rockstar Games Double Pack: Grand Theft Auto III & Grand Theft Auto Vice City",2.69,1.22,0,0.31,4.21,NA
"EyeToy Play",0.88,2.3,0.2,0.83,4.2,EU
"Uncharted 4: A Thief's End",1.3,2.07,0.18,0.65,4.2,EU
"Gran Turismo 5 Prologue",1.28,1.83,0.57,0.53,4.2,EU
"Hitman: Absolution",1.3,2.14,0.08,0.66,4.2,EU
"The Beatles: Rock Band",2.83,0.93,0,0.42,4.18,NA
"Sonic Generations",1.77,1.83,0.03,0.53,4.17,EU
Excitebike,2.04,0.48,1.57,0.07,4.16,NA
"Tomb Raider III: Adventures of Lara Croft",2.25,1.61,0.12,0.18,4.16,NA
"FIFA Soccer 2003",0.76,2.71,0.05,0.65,4.16,EU
Tennis,1.23,0.41,2.46,0.06,4.16,JP
"The Evil Within",1.5,1.84,0.24,0.56,4.15,EU
"Call Of Duty 2: Big Red One",2.39,1.39,0.01,0.32,4.12,NA
"Tony Hawk's Underground 2",2.46,1.33,0.01,0.31,4.11,NA
"The Legend of Zelda: Skyward Sword",2.14,1.2,0.37,0.4,4.1,NA
"Street Fighter II Turbo",1.42,0.51,2.1,0.07,4.1,JP
"Mortal Kombat X",2.48,1.01,0,0.6,4.1,NA
"World of Warcraft: The Burning Crusade",2.57,1.52,0,0,4.09,NA
"Star Wars: The Force Unleashed II",2.5,1.16,0,0.42,4.08,NA
"God of War II",2.32,0.04,0.04,1.67,4.07,NA
"Forza Motorsport 2",2.35,1.28,0.03,0.41,4.06,NA
"Ratchet & Clank: Size Matters",1.53,1.5,0.13,0.9,4.06,NA
"Namco Museum Vol.3",2.28,1.55,0.16,0.06,4.05,NA
"Tekken Tag Tournament",1.68,1.51,0.51,0.35,4.05,NA
"Dragon Ball Z: Budokai Tenkaichi 3",1.48,0.37,1.02,1.18,4.04,NA
"Star Fox 64",2.78,0.58,0.64,0.04,4.03,NA
"Dead Space",1.94,1.6,0,0.49,4.03,NA
"Rugrats in Paris: The Movie",2.36,1.42,0,0.24,4.02,NA
"Tetris Worlds",2.53,1.14,0,0.34,4.01,NA
"Professor Layton and the Diabolical Box",0.92,1.78,0.92,0.37,4,EU
"Burnout 3: Takedown",2.07,1.54,0,0.38,3.99,NA
"Tom Clancy's Ghost Recon",2.87,0.9,0,0.2,3.99,NA
"Max Payne 3",1.6,1.78,0.07,0.52,3.99,EU
"The Sims 2: Pets",1.77,1.44,0,0.77,3.98,NA
"Tom Clancy's Rainbow Six: Vegas",1.98,1.37,0.05,0.56,3.95,NA
"Disney Infinity 2.0: Marvel Super Heroes",1.94,1.52,0,0.49,3.95,NA
"World Soccer Winning Eleven 8 International",0.23,1.91,1.12,0.68,3.94,EU
"NBA Live 2005",3.19,0.35,0,0.4,3.94,NA
"Mortal Kombat vs. DC Universe",3.01,0.54,0,0.38,3.93,NA
"EA Sports Active",2.1,1.36,0.06,0.4,3.92,NA
"007: Quantum of Solace",1.84,1.35,0.04,0.68,3.92,NA
"Donkey Kong Land",1.97,0.76,1.07,0.11,3.91,NA
"Monster Hunter 4 Ultimate",0.67,0.49,2.62,0.11,3.89,JP
"The Elder Scrolls Online",1.75,1.64,0,0.49,3.89,NA
MotorStorm,1.53,1.61,0.06,0.67,3.88,EU
"Tekken 5",0.93,1.94,0.31,0.7,3.87,EU
"Sports Champions",2.12,1.14,0.1,0.51,3.87,NA
"Mortal Kombat: Deadly Alliance",2.9,0.75,0,0.2,3.87,NA
"Mario Bros.",1.99,0.21,1.63,0.04,3.87,NA
"Destiny: The Taken King",1.97,1.3,0.06,0.51,3.87,NA
"Injustice: Gods Among Us",2.12,1.25,0.01,0.5,3.87,NA
"Flash Focus: Vision Training in Minutes a Day",0.87,1.57,1.05,0.35,3.84,EU
"Namco Museum Vol.1",2.12,1.44,0.22,0.06,3.84,NA
"UFC 2009 Undisputed",2.55,0.84,0.01,0.43,3.84,NA
"The Legend of Zelda: Link's Awakening",2.21,0.96,0.54,0.13,3.83,NA
"Mario & Luigi: Bowser's Inside Story",2.26,0.48,0.81,0.27,3.83,NA
"Big Brain Academy: Wii Degree",1.06,1.93,0.41,0.43,3.82,EU
"Nintendogs + cats",1.44,1.37,0.73,0.27,3.81,NA
"Resident Evil Director's Cut",1.82,1.24,0.51,0.25,3.81,NA
"Sonic Mega Collection Plus",2.15,1.4,0,0.26,3.81,NA
"Madden NFL 2001",3.37,0.15,0.05,0.25,3.81,NA
"Resident Evil 3: Nemesis",1.36,0.79,1.54,0.11,3.8,JP
"Tom Clancy's Rainbow Six: Vegas 2",2.22,1.08,0.06,0.44,3.79,NA
"Dragon Ball Z: Budokai",2.7,0.42,0.55,0.1,3.78,NA
"Chrono Trigger",0.97,0.2,2.51,0.1,3.78,JP
"The Sims: Unleashed",2.03,1.56,0,0.17,3.76,NA
"Super Paper Mario",1.98,0.88,0.59,0.32,3.76,NA
"WWE SmackDown vs. RAW 2007",2.17,1.11,0.03,0.44,3.76,NA
"BioShock 2",2.3,1.02,0.04,0.41,3.76,NA
"Saints Row IV",1.91,1.29,0.13,0.45,3.76,NA
"Mortal Kombat Trilogy",2.7,0.92,0,0.13,3.75,NA
"The Sims",2.08,1.38,0,0.27,3.73,NA
"Need for Speed: Hot Pursuit 2",3.04,0.51,0.02,0.14,3.73,NA
"Spyro: Year of the Dragon",1.93,1.58,0,0.19,3.71,NA
"PokÃ©mon Trading Card Game",1.49,0.73,1.38,0.1,3.7,NA
"Sonic's Ultimate Genesis Collection",2.19,1.08,0,0.44,3.7,NA
"Friend Collection",0,0,3.67,0,3.67,JP
Banjo-Kazooie,1.87,1.14,0.55,0.1,3.66,NA
"Tom Clancy's Rainbow Six: Siege",1.39,1.68,0.13,0.46,3.66,EU
"Cars 2",1.99,1.24,0.04,0.39,3.66,NA
"SOCOM: U.S. Navy SEALs",2.53,0.81,0.06,0.24,3.65,NA
"Doom II: Hell on Earth",2.08,1.41,0,0.16,3.65,NA
"Pro Evolution Soccer 2012",0.64,1.58,0.93,0.51,3.65,EU
"Gran Turismo 6",0.71,1.8,0.4,0.74,3.64,EU
"Jak and Daxter: The Precursor Legacy",2.08,1.09,0.15,0.33,3.64,NA
"High School Musical: Sing It!",1.63,0.53,0,1.49,3.64,NA
"Pokemon Snap",2.23,0.68,0.66,0.06,3.63,NA
"Prince of Persia: The Sands of Time",1.81,1.46,0,0.36,3.63,NA
"Wolfenstein: The New Order",1.24,1.81,0.05,0.53,3.63,EU
"Rocksmith 2014",2.18,0.93,0.05,0.45,3.62,NA
"Cooking Mama 2: Dinner With Friends",1.61,1.5,0.1,0.39,3.61,NA
"Mass Effect",1.83,1.39,0.03,0.36,3.61,NA
"Luigi's Mansion",2.38,0.67,0.46,0.1,3.6,NA
"WWF SmackDown!",2.01,1.35,0.06,0.16,3.58,NA
"Sonic & Sega All-Stars Racing",1.45,1.71,0,0.43,3.58,EU
"Mario Tennis",1.28,0.64,1.5,0.14,3.57,JP
"Croc: Legend of the Gobbos",1.57,1.79,0,0.2,3.56,EU
"The Getaway",1.23,1.77,0.05,0.49,3.54,EU
"Left 4 Dead",2.66,0.52,0.05,0.3,3.54,NA
"James Bond 007: Everything or Nothing",1.72,1.37,0.09,0.35,3.54,NA
"WWE SmackDown vs. Raw 2011",1.64,1.33,0.01,0.54,3.54,NA
"Iron Man",2.07,0.92,0,0.56,3.53,NA
"Just Cause 2",1.04,1.89,0.08,0.53,3.53,EU
"Spyro 2: Ripto's Rage!",2.14,1.21,0.01,0.17,3.52,NA
"Donkey Kong Country 3: Dixie Kong's Double Trouble!",1.17,0.5,1.75,0.08,3.51,JP
"Kung Fu",1.64,0.38,1.42,0.06,3.5,NA
"Clubhouse Games",0.59,1.83,0.73,0.35,3.5,EU
"Far Cry 2",1.15,1.84,0.03,0.48,3.49,EU
"Deus Ex: Human Revolution",1.57,1.38,0.09,0.45,3.49,NA
"Guitar Hero: On Tour",2.11,1.01,0.01,0.35,3.48,NA
"Avatar: The Game",1.4,1.56,0,0.51,3.48,EU
"Mafia II",1.51,1.45,0.04,0.47,3.47,NA
Madagascar,2.38,0.92,0,0.16,3.45,NA
"Monster Hunter 4",0,0,3.44,0,3.44,JP
"Tekken 4",1.55,1.27,0.33,0.29,3.44,NA
"Shrek 2",2.25,1.08,0.04,0.07,3.43,NA
"LittleBigPlanet 2",1.82,1.07,0.06,0.47,3.42,NA
"Grand Theft Auto 2",1.13,2.07,0,0.22,3.42,EU
"A Bug's Life",2.45,0.85,0,0.12,3.42,NA
"Final Fantasy XIII-2",1.14,1.05,0.91,0.32,3.42,NA
"Mortal Kombat 3",2.51,0.76,0.02,0.13,3.42,NA
"Spider-Man 3",2.35,0.63,0.03,0.42,3.42,NA
"F-1 Race",1.73,0.69,0.59,0.4,3.41,NA
"Band Hero",1.88,1.01,0,0.52,3.4,NA
"Ghostbusters: The Video Game",1.94,0.89,0,0.59,3.39,NA
"Crash Bash",1.56,1.47,0.19,0.17,3.39,NA
"Peter Jackson's King Kong: The Official Game of the Movie",1.72,1.28,0,0.39,3.39,NA
"Crysis 2",1.31,1.52,0.08,0.46,3.39,EU
"The Legend of Zelda: Spirit Tracks",1.43,0.94,0.74,0.27,3.38,NA
Pure,1.8,1.18,0,0.39,3.38,NA
"Transformers: The Game (XBox 360, PS2, PS3, Wii & PC Versions)",2.21,0.76,0.01,0.4,3.37,NA
"Rayman Legends",0.96,1.85,0.03,0.5,3.36,EU
"The Legend of Zelda: Majora's Mask",1.9,0.67,0.73,0.06,3.36,NA
"Professor Layton and the Unwound Future",0.65,1.61,0.82,0.28,3.36,EU
"X-Men Legends",2.03,1.07,0,0.26,3.36,NA
"NCAA Football 07",2.84,0.17,0,0.33,3.36,NA
"Rugrats: Search For Reptar",1.63,1.53,0,0.18,3.34,NA
"WWE SmackDown! vs. RAW 2006",1.81,1.12,0.04,0.36,3.34,NA
"Final Fantasy XIV: A Realm Reborn",1.54,1.03,0.36,0.42,3.34,NA
"English Training: Have Fun Improving Your Skills!",0,0.99,2.32,0.02,3.33,JP
"Ratchet & Clank",1.44,1.01,0.57,0.3,3.33,NA
"Burnout Paradise",1.64,1.22,0.03,0.45,3.33,NA
"Mario Party 9",1.15,1.17,0.76,0.24,3.32,EU
Rage,1.43,1.38,0.09,0.42,3.32,NA
SSX,1.51,1.31,0.08,0.4,3.31,NA
"Dead Space 2",1.8,1.1,0,0.39,3.29,NA
"Tomb Raider: Underworld",1.37,1.4,0.06,0.48,3.29,EU
"Wii Music",1.36,1.13,0.46,0.32,3.27,NA
"Gran Turismo (PSP)",0.5,1.59,0.31,0.87,3.27,EU
"Monster Hunter X",0.25,0.19,2.78,0.04,3.26,JP
"Command & Conquer: Red Alert",1.6,1.5,0,0.17,3.26,NA
Tekken,0.95,1.3,0.77,0.22,3.24,EU
"Harry Potter and the Half-Blood Prince",1.12,1.31,0,0.82,3.24,EU
"WWE 2K15",1.4,1.4,0,0.43,3.23,NA
"Plants vs. Zombies: Garden Warfare",1.33,1.48,0.02,0.41,3.23,EU
"Yokai Watch 2 Ganso/Honke",0.03,0,3.18,0,3.22,JP
"Rayman Origins",1.13,1.63,0.01,0.46,3.22,EU
"007: Tomorrow Never Dies",1.72,1.33,0,0.16,3.21,NA
"NBA Street",2.52,0.31,0,0.39,3.21,NA
"Missile Command",2.81,0.34,0,0.06,3.21,NA
"Killer Instinct",2.26,0.72,0.12,0.1,3.2,NA
"WWF SmackDown! 2: Know Your Role",1.76,1.21,0.07,0.16,3.2,NA
"Disney's The Lion King",2.23,0.76,0.11,0.11,3.2,NA
"Crisis Core: Final Fantasy VII",1.35,0.6,0.8,0.44,3.19,NA
"God of War: Chains of Olympus",1.48,1.01,0.04,0.66,3.19,NA
"Dragon Quest VI: Maboroshi no Daichi",0,0,3.19,0,3.19,JP
"Dance Central",2.15,0.77,0.01,0.26,3.19,NA
"Super Mario Maker",1.18,0.87,0.93,0.2,3.18,NA
"Rhythm Heaven",0.58,0.51,1.93,0.14,3.17,JP
"Ace Combat 04: Shattered Skies",2.06,0.56,0.38,0.17,3.17,NA
"Club Penguin: Elite Penguin Force",1.88,0.98,0,0.3,3.16,NA
"Animal Crossing",1.92,0.16,0.99,0.09,3.15,NA
"Sonic Rush",1.22,1.57,0.06,0.29,3.15,EU
"Halo: The Master Chief Collection",1.89,0.99,0.03,0.24,3.15,NA
Fable,2.24,0.77,0.01,0.13,3.14,NA
"Dark Souls",1.39,0.88,0.54,0.32,3.14,NA
"Tiger Woods PGA Tour 08",2.03,0.72,0,0.4,3.14,NA
"The Sims 2: Castaway",1.46,1.16,0,0.5,3.13,NA
"Need for Speed III: Hot Pursuit",2.14,0.86,0,0.13,3.12,NA
"Star Wars Episode I Racer",2.31,0.62,0.14,0.04,3.12,NA
"Personal Trainer: Cooking",0.91,1,1.03,0.17,3.12,JP
"Dragon Warrior IV",0.08,0,3.03,0.01,3.12,JP
"Heavy Rain",1.29,1.27,0.06,0.5,3.12,NA
"Far Cry: Primal",1.09,1.57,0.06,0.41,3.12,EU
"The Urbz: Sims in the City",1.35,1.42,0,0.35,3.12,EU
"Midnight Club: Street Racing",2.34,0.6,0.02,0.15,3.11,NA
"Sonic Colors",1.7,1.11,0.02,0.29,3.11,NA
"MySims Kingdom",1.52,1.25,0.02,0.34,3.11,NA
"Need for Speed (2015)",0.79,1.85,0.05,0.42,3.1,EU
"Disney's DuckTales",1.73,0.53,0.77,0.07,3.1,NA
"Hitman 2: Silent Assassin",1.46,1.18,0.04,0.41,3.09,NA
"World Class Track Meet",1.92,0.45,0.64,0.07,3.08,NA
"Monster Hunter Freedom 2",0.37,0.27,2.25,0.18,3.08,JP
"The Legend of Zelda: A Link Between Worlds",1.4,0.99,0.46,0.22,3.07,NA
"The Sims: Vacation",1.72,1.21,0,0.14,3.07,NA
"Devil May Cry 4",1.39,0.82,0.5,0.35,3.07,NA
"Dark Souls II",1.29,0.93,0.49,0.35,3.07,NA
Myst,0.11,2.8,0.13,0.01,3.06,EU
"SoulCalibur IV",1.64,0.85,0.21,0.35,3.06,NA
"DJ Hero",1.55,0.99,0,0.52,3.06,NA
"The Orange Box",1.37,1.24,0.02,0.42,3.05,NA
"Epic Mickey",2.06,0.64,0.12,0.22,3.04,NA
Rayman,1.54,1.33,0,0.16,3.03,NA
"Deal or No Deal",2.37,0.42,0,0.24,3.03,NA
"Just Dance 2016",1.53,1.19,0,0.31,3.03,NA
"Tiger Woods PGA Tour 10",1.66,0.9,0,0.47,3.03,NA
"Killzone 2",1.4,1.07,0.08,0.47,3.02,NA
"Mike Tyson's Punch-Out!!",2.03,0.47,0.45,0.07,3.02,NA
"WWE SmackDown! Shut Your Mouth",1.45,1.13,0.07,0.38,3.02,NA
SingStar,0.45,1.95,0,0.62,3.02,EU
"Dead Rising 2",1.28,1.12,0.24,0.35,3.02,NA
Overwatch,1.38,1.11,0.14,0.38,3.01,NA
"Gears of War: Ultimate Edition",2.38,0.32,0,0.31,3,NA
"2010 FIFA World Cup South Africa",0.94,1.46,0.13,0.47,3,EU
"Star Fox",1.61,0.51,0.8,0.07,2.99,NA
"The Sims: Livin Large",1.67,1.18,0,0.13,2.99,NA
"World Soccer Winning Eleven 6 International",0.12,1.26,1.16,0.45,2.99,EU
"Devil May Cry",1.36,0.86,0.64,0.13,2.99,NA
"Animal Crossing: Happy Home Designer",0.47,1,1.39,0.12,2.98,JP
"Half-Life 2",2.65,0.23,0.08,0.03,2.98,NA
"Crash Nitro Kart",1.51,1.25,0,0.23,2.98,NA
"Bakugan: Battle Brawlers",2.47,0.26,0,0.23,2.98,NA
"The Sims 4",0.96,1.72,0,0.29,2.97,EU
"Star Wars: The Old Republic",1.58,1.01,0,0.38,2.97,NA
"Kirby Super Star Ultra",1.57,0.04,1.19,0.15,2.96,NA
"God of War Collection",1.84,0.56,0.07,0.48,2.96,NA
"Medal of Honor: Warfighter",1.19,1.27,0.07,0.42,2.96,EU
"UFC Undisputed 2010",1.81,0.79,0.02,0.34,2.96,NA
"Wave Race 64",1.98,0.58,0.34,0.04,2.94,NA
"SOCOM II: U.S. Navy SEALs",2.22,0.51,0.06,0.15,2.94,NA
inFAMOUS,1.76,0.69,0.12,0.37,2.94,NA
"Pac-Man Collection",2.07,0.77,0.05,0.05,2.94,NA
"Imagine: Fashion Designer",1.42,1.21,0,0.31,2.94,NA
"Fight Night Round 4",1.87,0.75,0,0.34,2.94,NA
"Wheel of Fortune",2.49,0.31,0,0.13,2.94,NA
"WarioWare: Smooth Moves",0.87,1.06,0.73,0.26,2.92,EU
"NBA 2K10",2.62,0.04,0.01,0.26,2.92,NA
"Ben 10: Alien Force",1.74,0.59,0,0.59,2.92,NA
"Cooking Mama: Cook Off",1.43,1.13,0.05,0.3,2.91,NA
"Ice Hockey",1.73,0.35,0.78,0.06,2.91,NA
"World Soccer Winning Eleven 7 International",0.08,1.24,1.13,0.45,2.9,EU
"Hot Shots Golf 3",0.99,0.32,1.38,0.2,2.89,JP
"Tomb Raider: The Last Revelation",1.56,1.14,0.06,0.13,2.89,NA
"SSX Tricky",1.73,0.91,0,0.25,2.89,NA
"Minecraft: Story Mode",1.25,1.3,0,0.36,2.89,EU
"Zumba Fitness 2",1.54,1.07,0,0.28,2.88,NA
"Syphon Filter",2.03,0.72,0.02,0.11,2.88,NA
"Imagine: Babyz",1.3,1.27,0,0.31,2.88,NA
"Colin McRae Rally",0.09,2.43,0.12,0.22,2.87,EU
"Tom Clancy's Splinter Cell: Pandora Tomorrow",1.45,1.19,0,0.24,2.87,NA
"The Elder Scrolls III: Morrowind",2.09,0.63,0.03,0.11,2.86,NA
"WWE 2K16",1.2,1.28,0,0.37,2.86,EU
F-Zero,1.37,0.51,0.89,0.07,2.85,NA
"Yoshi's Story",1.29,0.53,0.98,0.05,2.85,NA
"Just Cause 3",0.91,1.51,0.07,0.36,2.85,EU
"Marvel: Ultimate Alliance 2",1.99,0.45,0,0.42,2.85,NA
"WWE SmackDown! vs. Raw",1.32,1.08,0.04,0.39,2.83,NA
"WWE '13",1.35,1.09,0,0.38,2.83,NA
"Metroid Prime",1.96,0.67,0.1,0.09,2.82,NA
"Army of Two",1.83,0.64,0.04,0.31,2.82,NA
"NBA Live 2004",2.22,0.27,0,0.3,2.81,NA
"NCAA Football 06",2.26,0.26,0,0.28,2.81,NA
"MVP Baseball 2005",2.21,0.34,0,0.25,2.81,NA
"Battlefield: Bad Company",1.57,0.82,0.09,0.33,2.81,NA
"WWE '12",1.51,0.95,0.02,0.32,2.81,NA
"WWE SmackDown! Here Comes the Pain",1.32,1.06,0.04,0.38,2.8,NA
"Yoshi's Island DS",1.47,0.07,1.1,0.15,2.8,NA
"Yoshi's Cookie",1,0.3,1.45,0.05,2.8,JP
"Hot Shots Golf",0.29,0.2,2.13,0.18,2.79,JP
"Killzone 3",1.45,0.88,0.09,0.38,2.79,NA
"WWF SmackDown! Just Bring It",1.19,1.15,0.04,0.41,2.79,NA
"Professor Layton and the Last Specter",0.3,1.47,0.68,0.34,2.79,EU
"Star Wars The Clone Wars: Republic Heroes",1.42,0.96,0,0.39,2.79,NA
"Jak II",1.68,0.74,0,0.36,2.78,NA
"inFAMOUS: Second Son",1.27,0.97,0.07,0.47,2.78,NA
"Ratchet & Clank: Going Commando",1.44,0.83,0.26,0.25,2.78,NA
"NBA Live 2002",1.55,0.93,0,0.29,2.78,NA
"Final Fantasy II",0.24,0.09,2.34,0.12,2.78,JP
"Sonic and the Secret Rings",1.24,1.2,0.04,0.3,2.77,NA
"Mario Paint",1.43,0.54,0.71,0.07,2.75,NA
"Riven: The Sequel to Myst",1.7,0.94,0,0.12,2.75,NA
"Mortal Kombat: Deception",1.62,0.86,0,0.27,2.75,NA
"The Crew",0.64,1.75,0.03,0.34,2.75,EU
"Who wants to be a millionaire",2.39,0.3,0,0.05,2.74,NA
"Guitar Hero: Metallica",1.38,1.01,0,0.31,2.74,NA
"Pirates of the Caribbean: At World's End",1.5,0.79,0.02,0.4,2.74,NA
"Transformers: Revenge of the Fallen (XBox 360, PS3, & PC Versions)",1.3,0.89,0,0.54,2.74,NA
"PokÃ©mon Stadium 2",1.02,0.36,1.13,0.23,2.73,JP
Metroid,1.33,0.31,1.04,0.05,2.73,NA
"Wipeout: The Game",2.55,0,0,0.16,2.71,NA
"Sim Theme Park",2.39,0.28,0,0.04,2.71,NA
"Onimusha: Warlords",0.99,0.48,1.09,0.14,2.7,JP
"Mario Party",1.25,0.53,0.87,0.05,2.7,NA
"Guitar Hero: Warriors of Rock",1.28,1.11,0,0.31,2.7,NA
"DiRT 2",0.85,1.4,0,0.44,2.7,EU
"Sleeping Dogs",1.01,1.25,0.06,0.38,2.69,EU
"Cars: Race-O-Rama",1.8,0.53,0,0.39,2.69,NA
"Mario vs. Donkey Kong: Mini-Land Mayhem!",1.63,0.52,0.35,0.18,2.69,NA
"Yokai Watch 2 Shinuchi",0,0,2.68,0,2.68,JP
"Dragon Ball Z: Budokai 2",1.84,0.28,0.51,0.07,2.68,NA
"Spyro: Enter the Dragonfly",1.29,1.09,0,0.3,2.68,NA
"FIFA Street",0.55,1.72,0,0.39,2.68,EU
"SpongeBob's Atlantis SquarePantis",2.43,0.02,0,0.21,2.67,NA
"Hannah Montana",1.59,0.8,0,0.26,2.65,NA
"Medal of Honor Heroes",0.86,1.11,0.01,0.66,2.65,EU
"Super Mario Bros.: The Lost Levels",0,0,2.65,0,2.65,JP
"Star Wars: Shadows of the Empire",2,0.5,0.12,0.03,2.65,NA
"Need for Speed Carbon: Own the City",1.04,1,0,0.61,2.65,NA
"Rayman Raving Rabbids 2",1.56,0.83,0,0.26,2.65,NA
"Dying Light",1.17,1.02,0.12,0.35,2.65,NA
Up,1.32,0.85,0,0.5,2.65,NA
"MX vs. ATV Untamed",1.97,0.36,0,0.32,2.64,NA
"LEGO The Hobbit",0.79,1.48,0,0.36,2.64,EU
"Madden NFL 99",2.5,0.09,0,0.05,2.64,NA
"Toy Story 2: Buzz Lightyear to the Rescue!",1.7,0.84,0,0.09,2.64,NA
"Prince of Persia: Warrior Within",1.17,1.2,0,0.27,2.64,EU
"Farming Simulator 2015",0.6,1.73,0,0.31,2.64,EU
"Pac-Man: Adventures in Time",0.76,1.1,0.12,0.65,2.63,EU
"Halo Wars",1.53,0.82,0.04,0.24,2.63,NA
"NBA Street Vol. 2",2.31,0.24,0,0.08,2.63,NA
"Mario Strikers Charged",1.07,1.06,0.24,0.25,2.62,NA
"Final Fantasy V",0,0,2.59,0.03,2.62,JP
"LEGO Dimensions",1.12,1.19,0,0.32,2.62,EU
"Style Savvy",0.63,0.84,0.96,0.19,2.61,JP
"LittleBigPlanet 3",0.84,1.35,0.02,0.4,2.61,EU
Homefront,1.26,0.98,0.06,0.3,2.61,NA
"EA Sports Active 2",1.48,0.85,0,0.27,2.61,NA
"Super Mario All-Stars: Limited Edition",1.02,0.52,0.92,0.14,2.6,NA
"Streets of Rage",1.86,0.55,0.11,0.08,2.6,NA
"Tom Clancy's Ghost Recon: Future Soldier",1.39,0.83,0.11,0.27,2.6,NA
"Dragon Age II",1.35,0.9,0.06,0.3,2.6,NA
"Tom Clancy's Ghost Recon Advanced Warfighter 2",1.56,0.63,0.04,0.35,2.59,NA
"Ratchet & Clank Future: Tools of Destruction",0.93,1.12,0.08,0.45,2.59,EU
"Tiger Woods PGA Tour 2004",1.9,0.55,0,0.12,2.59,NA
"Killzone: Shadow Fall",0.89,1.33,0.07,0.28,2.58,EU
"Dragon's Dogma",0.83,0.7,0.79,0.25,2.58,NA
"Ratchet & Clank: Up Your Arsenal",1.31,0.74,0.31,0.22,2.57,NA
"Art Academy",0.28,1.68,0.33,0.28,2.57,EU
"Harry Potter and the Order of the Phoenix",1.31,0.91,0,0.33,2.57,NA
"Sonic Adventure 2 Battle",1.7,0.59,0.21,0.07,2.56,NA
"Dragon Warrior II",0.15,0,2.41,0,2.56,JP
"Grand Theft Auto",0.96,1.41,0.04,0.14,2.56,EU
"SSX 3",1.6,0.71,0,0.24,2.56,NA
"NFL Blitz",2.43,0.09,0,0.05,2.56,NA
[Prototype],1.49,0.76,0,0.31,2.55,NA
"Tony Hawk's Project 8",1.87,0.36,0.01,0.33,2.55,NA
"NCAA Football 10",2.09,0.22,0,0.22,2.54,NA
"PokÃ©mon Colosseum",1.21,0.57,0.7,0.07,2.54,NA
"Deca Sports",1.13,0.87,0.29,0.25,2.54,NA
"Scooby-Doo! Night of 100 Frights",1.51,0.81,0,0.24,2.54,NA
"ESPN NBA 2K5",2.14,0.16,0,0.25,2.54,NA
"LEGO City Undercover",0.98,1.15,0.2,0.2,2.54,EU
"Rayman Raving Rabbids: TV Party",1.17,1.1,0,0.27,2.53,NA
"Perfect Dark",1.55,0.75,0.16,0.06,2.52,NA
"Game Party",1.5,0.78,0,0.24,2.52,NA
"Dragon Warrior",0.49,0,0.52,1.51,2.52,JP
"NCAA Football 2005",2.12,0.15,0,0.26,2.52,NA
"Conflict: Desert Storm",1.52,0.92,0,0.08,2.52,NA
"Pro Evolution Soccer 2013",0.31,1.03,0.83,0.33,2.52,EU
"Tom Clancy's Ghost Recon 2",1.56,0.8,0,0.16,2.51,NA
"Disney Sing It",1.68,0.58,0,0.25,2.51,NA
"Mario Party 2",1.28,0.14,1.08,0.01,2.5,NA
"Star Wars: Dark Forces",1.4,0.98,0,0.13,2.5,NA
"NASCAR 99",2.39,0.08,0,0.05,2.5,NA
"Theme Hospital",2.33,0.12,0.03,0.01,2.49,NA
"Assassin's Creed: Rogue",1.08,1.02,0.06,0.33,2.49,NA
"Resistance 2",1.15,0.85,0.1,0.39,2.48,NA
Yoshi,0.7,0.13,1.64,0.01,2.48,JP
"Pac-Man World 2",1.98,0.26,0,0.24,2.48,NA
"Sonic & All-Stars Racing Transformed",0.72,1.38,0.03,0.35,2.48,EU
"Mario Party 4",1.13,0.36,0.92,0.07,2.47,NA
"WWF Attitude",1.84,0.55,0,0.08,2.47,NA
"007: The World is not Enough",1.64,0.73,0.02,0.09,2.47,NA
"SpongeBob SquarePants: Revenge of the Flying Dutchman",1.6,0.68,0,0.19,2.47,NA
"uDraw Studio",1.67,0.58,0,0.2,2.46,NA
"Crysis 3",0.94,1.15,0.04,0.35,2.46,EU
"Alien: Isolation",0.83,1.25,0.04,0.34,2.45,EU
"Final Fantasy Tactics",0.93,0.12,1.34,0.06,2.45,JP
"F1 2011",0.33,1.57,0.13,0.43,2.45,EU
"Twisted Metal 2",2.12,0.25,0,0.07,2.44,NA
"Halo: Combat Evolved Anniversary",1.44,0.73,0.04,0.22,2.44,NA
"Tiger Woods PGA Tour 2005",1.77,0.54,0,0.12,2.44,NA
"NFL Street",1.91,0.3,0,0.22,2.43,NA
"Marvel vs. Capcom 3: Fate of Two Worlds",1.6,0.47,0.14,0.21,2.43,NA
"Grand Theft Auto: Chinatown Wars",0.87,1.07,0.08,0.42,2.43,EU
"Sonic Adventure",1.26,0.61,0.46,0.08,2.42,NA
"Tom Clancy's Rainbow Six 3",1.35,0.89,0,0.17,2.42,NA
"ATV Offroad Fury",2.07,0.26,0,0.08,2.41,NA
"Dino Crisis",0.81,0.76,0.7,0.14,2.41,NA
"Tetris Plus",2.1,0.24,0,0.07,2.4,NA
"Pro Wrestling",0.77,0.18,1.42,0.03,2.4,JP
"Resident Evil - Code: Veronica X",1.13,0.71,0.34,0.21,2.4,NA
"Ridge Racer",0.4,0.53,1.11,0.36,2.4,JP
"Guitar Hero",1.67,0.61,0.03,0.07,2.38,NA
"Kinect: Disneyland Adventures",1.73,0.46,0.02,0.18,2.38,NA
"WCW/nWo Revenge",1.94,0.39,0.03,0.02,2.38,NA
Bloodborne,1,0.76,0.26,0.36,2.38,NA
"Yu-Gi-Oh! The Duelists of the Roses",1.16,0.91,0,0.3,2.38,NA
"Medal of Honor: Airborne",0.7,1.27,0.04,0.38,2.38,EU
"Cabela's Big Game Hunter 2010",2.2,0,0,0.17,2.37,NA
"Mirror's Edge",0.82,1.15,0.03,0.36,2.37,EU
"NBA Jam Tournament Edition",1.96,0.35,0,0.07,2.37,NA
"Tomb Raider: Anniversary",0.86,1.14,0,0.37,2.37,EU
"NBA Live 08",2.07,0.04,0.02,0.23,2.37,NA
"The Walking Dead: Season One",1.29,0.73,0.05,0.29,2.36,NA
"Kinect Sports: Season Two",1.38,0.74,0.02,0.22,2.36,NA
"Kirby's Dream Land 2",0.69,0.14,1.48,0.05,2.36,JP
"MX Unleashed",1.28,0.81,0,0.27,2.36,NA
"Madden NFL 2000",2.26,0.06,0,0.04,2.36,NA
"Turok: Evolution",1.41,0.75,0,0.2,2.36,NA
"Donkey Kong Land II",1.39,0.48,0.4,0.08,2.35,NA
"Dragon Warrior Monsters",0,0,2.34,0.01,2.35,JP
"Dragon Quest Monsters 2",0,0,2.35,0,2.35,JP
"NBA Live 2001",1.22,0.87,0.04,0.21,2.35,NA
"Harry Potter and the Goblet of Fire",1.86,0.34,0,0.16,2.35,NA
"Disney Infinity 3.0",0.92,1.13,0,0.3,2.34,EU
"My Fitness Coach",1.2,0.9,0,0.24,2.34,NA
"Star Wars: Knights of the Old Republic",1.69,0.54,0,0.1,2.33,NA
"SpongeBob SquarePants: SuperSponge",1.51,0.73,0,0.09,2.33,NA
"Knockout Kings 2000",1.65,0.61,0,0.07,2.33,NA
"NBA Live 07",2,0.05,0.02,0.25,2.33,NA
"Metal Gear Solid V: Ground Zeroes",0.81,0.77,0.45,0.29,2.33,NA
"The Legend of Zelda: Majora's Mask 3D",1.14,0.54,0.47,0.17,2.32,NA
"Just Dance Kids",1.57,0.56,0,0.19,2.32,NA
"WWE 2K14",1.13,0.88,0,0.31,2.32,NA
"Crash of the Titans",1.68,0.33,0,0.32,2.32,NA
"Mercenaries 2: World in Flames",1.15,0.7,0.03,0.43,2.31,NA
"Epic Mickey 2: The Power of Two",1.39,0.67,0.01,0.22,2.31,NA
"WarioWare Touched!",0.52,0.45,1.21,0.13,2.31,JP
"Need For Speed: High Stakes",1.58,0.64,0,0.09,2.31,NA
"Cool Boarders 3",1.65,0.46,0.1,0.1,2.31,NA
"Tiger Woods PGA Tour 2003",1.33,0.76,0,0.23,2.31,NA
"SingStar Abba",0.5,0.55,0,1.26,2.31,EU
"Guild Wars 2",0.95,1.06,0,0.29,2.3,EU
"Pokemon Ranger: Shadows of Almia",0.95,0.54,0.62,0.18,2.3,NA
"50 Cent: Bulletproof",1.26,0.86,0,0.19,2.3,NA
"F1 2010",0.43,1.4,0.09,0.38,2.3,EU
"Final Fantasy X / X-2 HD Remaster",0.64,0.71,0.6,0.34,2.3,EU
"Aliens vs Predator",0.96,1.04,0,0.31,2.3,EU
"Crash: Mind Over Mutant",1.33,0.68,0,0.29,2.3,NA
"God of War: Ascension",1.23,0.68,0.04,0.34,2.29,NA
"NFL Street 2",1.3,0.77,0,0.24,2.29,NA
"NBA 2K9",1.9,0.17,0,0.22,2.29,NA
"Yokai Watch Busters",0,0,2.28,0,2.28,JP
"TOCA Touring Car Championship",0.07,2,0.02,0.18,2.28,EU
"Midnight Club II",1.67,0.35,0,0.26,2.28,NA
"Tom Clancy's Rainbow Six",1.41,0.78,0,0.09,2.28,NA
Rocksmith,1.36,0.58,0.1,0.25,2.28,NA
"Tom Clancy's Splinter Cell: Blacklist",1,0.95,0.07,0.3,2.28,NA
"Disney Universe",1.34,0.68,0,0.24,2.27,NA
"Paper Mario: Sticker Star",1.12,0.39,0.64,0.12,2.27,NA
"Super Monkey Ball: Banana Blitz",1.07,0.92,0.04,0.24,2.27,NA
"Kirby: Nightmare in Dream Land",1.22,0.1,0.91,0.04,2.27,NA
"Dynasty Warriors 4",0.75,0.24,1.13,0.14,2.27,JP
"Wario Land 4",0.9,0.73,0.54,0.09,2.26,NA
"Darksiders II",1.02,0.94,0.01,0.3,2.26,NA
"LEGO Marvel's Avengers",0.96,1,0.01,0.29,2.26,EU
"Onimusha 2: Samurai's Destiny",0.62,0.44,1.06,0.13,2.25,JP
"Cool Boarders 2",1.52,0.46,0.2,0.08,2.25,NA
"Paper Mario: The Thousand-Year Door",1.48,0.25,0.46,0.06,2.25,NA
"Dissidia: Final Fantasy",0.51,0.51,0.91,0.32,2.25,JP
"NCAA Football 2004",1.87,0.14,0,0.25,2.25,NA
"Doom (2016)",0.94,0.99,0.02,0.29,2.25,EU
"Sonic Advance",1.19,0.71,0.22,0.13,2.24,NA
"Hasbro Family Game Night",1.26,0.75,0,0.22,2.24,NA
"Dead to Rights",1.32,0.72,0,0.2,2.24,NA
"Petz Dogz 2",1.28,0.74,0,0.23,2.24,NA
"Tom Clancy's Splinter Cell: Chaos Theory",1.18,0.85,0,0.2,2.23,NA
"Rock Band 3",1.81,0.26,0,0.18,2.23,NA
"The Amazing Spider-Man (Console Version)",1.2,0.77,0,0.24,2.23,NA
"Skylanders: SuperChargers",1.07,0.92,0,0.24,2.23,NA
"Spyro: Season of Ice",1.29,0.83,0,0.11,2.23,NA
"Teenage Mutant Ninja Turtles II: The Arcade Game",1.74,0.25,0.21,0.03,2.23,NA
"Dance Dance Revolution X2",1.09,0.85,0,0.28,2.23,NA
"Pro Yakyuu Family Stadium",0.15,0,2.08,0,2.23,JP
"New Super Luigi U",1.27,0.62,0.18,0.16,2.22,NA
Scribblenauts,1.71,0.32,0.02,0.18,2.22,NA
"The Legend of Zelda: Link's Awakening DX",1,0.63,0.45,0.13,2.22,NA
"Forza Horizon 2",0.85,1.21,0.01,0.16,2.22,EU
"Red Dead Redemption: Undead Nightmare",1.01,0.85,0.08,0.27,2.22,NA
"The Legend of Spyro: Dawn of the Dragon",1.08,0.66,0,0.48,2.22,NA
"Devil May Cry 3: Dante's Awakening Special Edition",1.06,0.82,0.05,0.28,2.21,NA
"Spy Hunter",1.54,0.43,0,0.24,2.21,NA
"Madden NFL 17",1.75,0.12,0,0.34,2.21,NA
"Wario Land 3",1.11,0.51,0.34,0.23,2.2,NA
"High School Musical: Makin' the Cut!",1.06,0.91,0,0.23,2.2,NA
"Dante's Inferno",1.39,0.51,0.07,0.23,2.2,NA
"DJ Hero 2",1.6,0.4,0,0.19,2.2,NA
"Scooby-Doo! First Frights",1.65,0.25,0,0.3,2.19,NA
"Resident Evil: Revelations",0.63,0.76,0.57,0.21,2.19,EU
"Saints Row",1.17,0.78,0.02,0.22,2.19,NA
"Kirby's Pinball Land",0.87,0.17,1.1,0.05,2.19,JP
"Def Jam Vendetta",1.14,0.79,0,0.26,2.19,NA
"Mortal Kombat 4",1.36,0.72,0,0.11,2.19,NA
"MVP Baseball 2004",1.74,0.24,0,0.21,2.19,NA
"Yu-Gi-Oh: Duel Monsters 4",0,0,2.17,0.01,2.18,JP
"ATV Offroad Fury 2",1.92,0.2,0,0.06,2.18,NA
"Forza Motorsport 5",1.21,0.78,0.01,0.17,2.18,NA
"Pokemon Ranger",1.29,0.04,0.73,0.12,2.18,NA
"Derby Stallion",0,0,2.05,0.14,2.18,JP
"Dragon Ball: XenoVerse",0.79,0.87,0.26,0.27,2.18,EU
"Madagascar: Escape 2 Africa",1.11,0.62,0,0.45,2.18,NA
"Mario & Luigi: Superstar Saga",1.48,0.17,0.47,0.06,2.17,NA
"Star Wars: Rogue Squadron",1.6,0.46,0.08,0.03,2.17,NA
"Tom Clancy's Splinter Cell: Conviction",1.2,0.71,0.04,0.21,2.17,NA
"NBA Ballers",1.18,0.74,0,0.23,2.17,NA
Diablo,0.3,1.77,0.07,0.04,2.17,EU
"NCAA Football 2003",1.71,0.23,0,0.22,2.17,NA
Bayonetta,0.95,0.67,0.3,0.25,2.17,NA
"The Sims: House Party",1.23,0.83,0,0.1,2.16,NA
"Your Shape featuring Jenny McCarthy",1.51,0.47,0,0.18,2.16,NA
"Fight Night 2004",1.59,0.35,0,0.22,2.16,NA
"Tony Hawk: RIDE",1.54,0.42,0,0.21,2.16,NA
"Tiger Woods PGA Tour 07",1.68,0.23,0,0.26,2.16,NA
"LEGO Rock Band",1.39,0.56,0,0.22,2.16,NA
"Harry Potter and the Prisoner of Azkaban",1.3,0.68,0,0.17,2.15,NA
"Tony Hawk's Proving Ground",1.83,0.11,0,0.22,2.15,NA
"Syphon Filter 2",1.5,0.55,0.02,0.08,2.15,NA
Volleyball,0.14,0.03,1.98,0,2.15,JP
"Super Street Fighter II",0.52,0.16,1.44,0.03,2.15,JP
"Call of Duty: Roads to Victory",0.52,1.03,0,0.59,2.14,EU
"Super Mario RPG: Legend of the Seven Stars",0.66,0,1.45,0.03,2.14,JP
Mahjong,0.01,0,2.13,0,2.14,JP
"R.C. Pro-Am",1.47,0.38,0.19,0.1,2.14,NA
"NCAA Football 11",1.84,0.15,0,0.17,2.14,NA
"MySims Agents",1.17,0.75,0,0.21,2.13,NA
"South Park: The Stick of Truth",1.06,0.78,0,0.27,2.13,NA
"Prince of Persia: The Forgotten Sands",0.83,0.95,0.02,0.32,2.13,EU
"Demon Attack",1.99,0.12,0,0.02,2.13,NA
"Dance Dance Revolution Extreme",1.04,0.81,0,0.27,2.13,NA
"Tetris DS",0.64,0.07,1.35,0.08,2.13,JP
"Final Fantasy Tactics Advance",0.82,0.37,0.89,0.05,2.13,JP
"Kirby's Epic Yarn",1.47,0.09,0.45,0.11,2.12,NA
"Project Gotham Racing",1.37,0.61,0.05,0.09,2.12,NA
"NASCAR 2000",1.37,0.63,0,0.1,2.12,NA
"Sniper: Ghost Warrior",0.8,1,0.04,0.29,2.12,EU
"Army of Two: The 40th Day",1.18,0.64,0.01,0.28,2.12,NA
"Mario Sports Mix",0.9,0.45,0.63,0.13,2.11,NA
"Dead Rising",1.17,0.65,0.08,0.2,2.11,NA
"Parasite Eve",0.94,0.07,1.05,0.04,2.1,JP
"Project Gotham Racing (JP weekly sales)",1.54,0.44,0.04,0.07,2.1,NA
"Need for Speed: Most Wanted 5-1-0",1.77,0.13,0.02,0.18,2.1,NA
"Tak and the Power of Juju",1.26,0.67,0,0.17,2.1,NA
"Thief (2014)",0.78,0.94,0.05,0.33,2.1,EU
"Prince of Persia",1.01,0.76,0.05,0.28,2.09,NA
"Devil May Cry 3: Dante's Awakening",0.99,0.63,0.29,0.19,2.09,NA
"Metal Gear Solid: Peace Walker",0.46,0.42,0.96,0.25,2.09,JP
"WCW Nitro",1.59,0.4,0.03,0.07,2.09,NA
"Disney Sing It: Pop Hits",1.35,0.35,0,0.38,2.09,NA
"World of Warcraft: Cataclysm",1.77,0.32,0,0,2.08,NA
"Dance Dance Revolution: Hottest Party",1.36,0.52,0,0.2,2.08,NA
"Mario Party 5",0.97,0.33,0.73,0.06,2.08,NA
"Warcraft: Orcs & Humans",0.89,1.08,0,0.11,2.08,EU
"Call of Duty 2",1.81,0.1,0.01,0.16,2.08,NA
"Sid Meier's Civilization Revolution",1.45,0.39,0.03,0.21,2.08,NA
"Kingdoms of Amalur: Reckoning",1.06,0.68,0.1,0.22,2.07,NA
Jeopardy!,1.45,0.47,0,0.15,2.07,NA
"Spec Ops: Airborne Commando",1.54,0.46,0,0.08,2.07,NA
"Kingdom Hearts: Birth by Sleep",0.63,0.42,0.75,0.26,2.07,JP
"Yu-Gi-Oh! The Eternal Duelist Soul",1.64,0.36,0,0.07,2.07,NA
"Sled Storm",1.12,0.78,0,0.17,2.07,NA
"Pokemon Mystery Dungeon: Red/Blue Rescue Team",0.71,0.52,0.74,0.08,2.06,JP
"R4: Ridge Racer Type 4",0.68,0.46,0.79,0.13,2.06,JP
"Mario & Luigi: Dream Team",0.89,0.57,0.46,0.13,2.06,NA
"PaRappa The Rapper",0.36,0.16,1.48,0.04,2.06,JP
"Midway Arcade Treasures",1.18,0.67,0,0.2,2.06,NA
"NFL 2K3",1.61,0.23,0,0.21,2.06,NA
"Driver: San Francisco",0.6,1.12,0.01,0.31,2.06,EU
"UFC Undisputed 3",1.27,0.55,0.03,0.2,2.05,NA
"PokÃ©mon Mystery Dungeon: Blue Rescue Team",1.16,0.06,0.83,0,2.05,NA
"Sonic Mega Collection",1.47,0.48,0.05,0.06,2.05,NA
"PGR4 - Project Gotham Racing 4",0.48,1.29,0.02,0.25,2.05,EU
"Dig Dug",1.52,0.1,0.41,0.02,2.05,NA
"Dave Mirra Freestyle BMX 2",1.17,0.68,0,0.2,2.05,NA
"Kingdom Hearts 358/2 Days",1.11,0.27,0.53,0.14,2.04,NA
"Dance Central 2",1.45,0.42,0.01,0.16,2.04,NA
"SOCOM: U.S. Navy SEALs: Combined Assault",1.74,0.02,0,0.28,2.04,NA
"Major League Baseball 2K5",1.24,0.58,0,0.21,2.04,NA
"Blazing Angels: Squadrons of WWII",1.52,0.31,0,0.19,2.04,NA
"Tiger Woods PGA Tour 09",0.92,0.64,0,0.48,2.04,NA
"Final Fantasy Type-0",0.52,0.39,0.96,0.16,2.03,JP
"The Incredible Hulk",1.66,0.23,0,0.15,2.03,NA
"1080Â°: TenEighty Snowboarding",1.25,0.61,0.13,0.05,2.03,NA
"Rockstar Games presents Table Tennis",0.67,1.12,0,0.24,2.03,EU
"Forza Horizon",0.82,0.98,0.04,0.18,2.02,EU
Driv3r,0.98,0.86,0,0.19,2.02,NA
"MX vs. ATV Reflex",1.35,0.44,0,0.22,2.02,NA
"Duke Nukem Forever",1.03,0.73,0,0.25,2.02,NA
"Guitar Hero Live",0.94,0.8,0,0.27,2.02,NA
G-Force,1.06,0.62,0,0.34,2.02,NA
"NBA Live 09",1.51,0.22,0.06,0.22,2.01,NA
TouchMaster,0.49,1.27,0,0.25,2.01,EU
SimCity,0.93,0.29,0.75,0.05,2.01,NA
"GoldenEye 007 (2010)",0.96,0.74,0.13,0.17,2.01,NA
Centipede,1.62,0.33,0,0.05,2.01,NA
"Max Payne 2: The Fall of Max Payne",1.12,0.68,0,0.19,2.01,NA
"Naruto Shippuden: Ultimate Ninja Storm 2",0.85,0.74,0.16,0.25,2.01,NA
"WCW Mayhem",1.31,0.61,0,0.09,2.01,NA
"Fire Emblem: Awakening",0.89,0.45,0.53,0.13,2,NA
DriveClub,0.35,1.31,0.02,0.33,2,EU
"Red Dead Revolver",1.11,0.67,0,0.21,2,NA
"Resident Evil: Operation Raccoon City",1.03,0.43,0.39,0.17,2,NA
"NBA 2K8",1.79,0.03,0,0.2,2,NA
"NCAA Football 09",1.8,0.02,0,0.18,2,NA
